Finger Velocity,Scap_X,Scap_Y,Scap_Z,Shoulder horiz abd-adduction,Shoulder flexion-extension,Shoulder internal-external rotation,elbow flexion-extension,forearm pronation-supination,wrist flexion-extension,wrist radial-ulnar deviation
,,,,-38.20872766,-36.12891583,-31.66219228,75.1200259009514,-27.29319624,-68.6261658,49.1492651053763
,,,,-15.91430738,-2.3455,-7.312378212,1.2355,-21.06633294,-51.48187833,35.568381134276
,,,,-11.30147378,-1.0934,27.345,-42.355,-17.59607853,-44.4667246,4.234
,,,,-11.30147378,2.345,45,-64.234,-15.7,-10,-23
,,,,-11.30147378,6.45,82.2355,-74.3,-13.45,11.7,-34
