Finger Velocity,Scap_X,Scap_Y,Scap_Z,Shoulder horiz abd-adduction,Shoulder flexion-extension,Shoulder internal-external rotation,elbow flexion-extension,forearm pronation-supination,wrist flexion-extension,wrist radial-ulnar deviation
,,,,-39.02585476,-36.55039746,-30.99953677,78.5060538697661,-27.57804934,-63.17224105,48.5213579265325
,,,,-15.17266398,-3.952025516,-2.63697181,2.2345,-21.1746109,-53.58218829,16.4654803862643
,,,,-10.65038491,1.1245,19.23455,-24.234,-18.2389,-33.82173954,4.225
,,,,-10,4.235,35,-45,-16.425,-1.234,-5.34
,,,,-10,8.234,86.1,-63.2,-12.7444,11.7,-17
