Finger Velocity,Scap_X,Scap_Y,Scap_Z,Shoulder horiz abd-adduction,Shoulder flexion-extension,Shoulder internal-external rotation,elbow flexion-extension,forearm pronation-supination,wrist flexion-extension,wrist radial-ulnar deviation
,,,,-37.89862423,-38.74643938,-31.12189391,74.9323142456458,-24.88594815,-73.20568208,55.5546914834978
,,,,-9.114959847,-0.169417934,-1.007611798,0.117943422953179,-19.49134649,-28.90158838,23.9018271698364
,,,,-9.09,0.23,32.98,-23.0989,-4.5677,-13.245,6.2345
,,,,-9.01,2.4,58.987,-45.9879,0.1234,-12.985,-13.3566
,,,,-8.93,7.8,82.3459,-70.423,7.8,-11.723,-39.235
